id,image_url,bg_mp3_url,name,style_id,theme_id,dynasty_id,author_id,content,is_delete,create_time,update_time
1,/upload/e3abc419-d540-4030-ae49-7cf756280483.jpg,/upload/bg.mp3,一品当朝,1,1,1,0,"一品当朝
A First-Rank Court Official



137X82cm
清代?乾隆
手绘
杨柳青
跳龙门乡土艺术博物馆
Period: Qing Dynasty Qian Long (1735-1796)
Medium: Hand Painting; Ink and Color on paper
Place: Yang Liu Qing
Credit Line: Folk Art Museum",0,2025/7/24 16:46,2025/7/24 16:46
2,/upload/4a3ba74c-bafe-45ab-9ac2-8c6da73e8931.jpg,/upload/bg.mp3,门神,1,2,1,0,"门神
Door Gods



106X65cm
清代?乾隆
手绘
杨柳青
跳龙门乡土艺术博物馆
Period: Qing Dynasty Qian Long (1735-1796)
Medium: Hand Painting; Ink and Color on paper
Place: Yang Liu Qing
Credit Line: Folk Art Museum",0,2025/7/24 16:46,2025/7/24 16:46
3,/upload/cf963942-56b4-4426-b42b-e0f004c22ed9.jpg,/upload/bg.mp3,夺梅?夺魁,2,1,1,0,"夺梅?夺魁
Grabbing the Plum Blossom and the Hat



37X62cm
清代
线版
杨柳青
跳龙门乡土艺术博物馆
Period: Qing Dynasty(1644-1911)
Medium: Woodblock Print; Ink on paper
Place: Yang Liu Qing
Credit Line: Folk Art Museum",0,2025/7/24 16:46,2025/7/24 16:46
4,/upload/f7a6e4d9-4a65-4f21-9563-8cece1c2cbd2.jpg,/upload/bg.mp3,麟吐玉书,3,4,1,0,"麟吐玉书
A Jade Book in Qi Lin's Mouth



37X62cm
清代
半印半绘
杨柳青
跳龙门乡土艺术博物馆
Period: Qing Dynasty(1644-1911)
Medium: Woodblock Print; Hand Painting; Ink and Color on paper
Place: Yang Liu Qing
Credit Line: Folk Art Museum",0,2025/7/24 16:46,2025/7/24 16:46
5,/upload/61139de4-ff3e-4aff-8a10-353ad97c5291.jpg,/upload/bg.mp3,荣耀国,3,10,2,0,"荣耀国
Glory to the Country



60X103cm
民国
半印半绘
戴连增画店
跳龙门乡土艺术博物馆
Period: The Republic of China(1912-1949)
Medium: Woodblock Print; Hand Painting; Ink and Color on paper
Place: Dai Lian Zeng Prints Shop
Credit Line: Folk Art Museum",0,2025/7/24 16:46,2025/7/24 16:46
6,/upload/aed5993b-c557-4ecc-b0c6-cc030794713b.jpg,/upload/bg.mp3,女子自强,3,5,2,0,"女子自强
Being Independent Women



43X68cm
民国
半印半绘
齐健隆画店
大树画馆藏
Period: The Republic of China(1912-1949)
Medium: Woodblock Print; Hand Painting; Ink and Color on paper
Place: Qi Jian Long Prints Shop
Credit Line: Da Shu Gallery",0,2025/7/24 16:46,2025/7/24 16:46
7,/upload/190a4e86-1c2d-4b98-a51e-bdf78ec43c33.jpg,/upload/bg.mp3,三星高照,1,1,1,0,"三星高照
The Three Gods of Longevity, Luckiness and Career



137X82cm
清代
手绘
跳龙门乡土艺术博物馆藏
Period: Qing Dynasty(1644-1911)
Medium: Hand Painting; Ink and Color on paper
Place: Yang Liu Qing
Credit Line: Folk Art Museum",0,2025/7/24 16:46,2025/7/24 16:46
8,/upload/a35c5398-5c21-446b-a680-9c02c7570cb1.jpg,/upload/bg.mp3,寒塘芦雁,3,6,1,0,"寒塘芦雁
The Wide Goose in the Cold Ditch Reed Pond



45X56cm
清代
半印半绘
跳龙门乡土艺术博物馆藏
Period: Qing Dynasty(1644-1911)
Medium: Hand Painting; Ink and Color on paper
Place: Yang Liu Qing
Credit Line: Folk Art Museum",0,2025/7/24 16:46,2025/7/24 16:46
9,/upload/0b542bef-cf38-433c-8864-2f1c27054f8e.jpg,/upload/bg.mp3,三字经九九图,3,7,1,0,"三字经九九图
Three-character Scripture with Nine-nine Pictures



63X110cm
清代
半印半绘
义成永画店
跳龙门乡土艺术博物馆藏
Period: Qing Dynasty(1644-1911)
Medium: Hand Painting; Ink and Color on paper
Place: Yi Cheng Yong Prints Shop, Yangliuqing
Credit Line: Folk Art Museum",0,2025/7/24 16:46,2025/7/24 16:46
10,/upload/62c60d79-2d8b-4ca1-a141-ff33c2326bc6.jpg,/upload/bg.mp3,对美人,4,5,2,0,"对美人
A Pair of Beauties



130X63cm
民国
扑灰
跳龙门乡土艺术博物馆藏
Period: The Republic of China(1912-1949)
Medium: Charcoal and Color on paper
Place: Gaomi, Shandong
Credit Line: Folk Art Museum",0,2025/7/24 16:47,2025/7/24 16:47
11,/upload/5d1228e6-7151-47b6-99b9-442ea9bea230.jpg,/upload/bg.mp3,栏门判,5,2,1,0,"栏门判
Lan Men Panguan
清代?门画
跳龙门艺术博物馆藏",0,2025/7/24 16:52,2025/7/24 16:52
12,/upload/5269815a-7d1d-4843-8d30-1ef5d6448c40.jpg,/upload/bg.mp3,龙风阁,5,2,1,0,"龙风阁
Long Feng Ge
清代?门画
跳龙门艺术博物馆藏",0,2025/7/24 16:52,2025/7/24 16:52
13,/upload/97c4fe95-79c7-48b0-b657-e6ddf7938d2c.jpg,/upload/bg.mp3,牛郎织女,5,3,1,0,"牛郎织女
Niulang & Zhinü
清代?门画
跳龙门艺术博物馆藏",0,2025/7/24 16:52,2025/7/24 16:52
14,/upload/2e90bfc6-583b-4d1c-96ef-8e781a29386c.jpg,/upload/bg.mp3,神荼郁垒,5,2,1,0,"神荼郁垒
Shen Shu & Yu Lü
清代?门画
跳龙门艺术博物馆藏",0,2025/7/24 16:52,2025/7/24 16:52
15,/upload/0b914ec5-9dc8-4329-8a74-f00a37e3eb82.jpg,/upload/bg.mp3,士农工商,5,8,1,0,"士农工商
Shi Nong Gong Shang
清代?门画
跳龙门艺术博物馆藏",0,2025/7/24 16:52,2025/7/24 16:52
16,/upload/98dce6d8-2308-4351-b4a4-5bfda4e02a76.jpg,/upload/bg.mp3,渭水河,5,3,1,0,"渭水河
Weishui River
清代?门画
跳龙门艺术博物馆藏",0,2025/7/24 16:52,2025/7/24 16:52
17,/upload/7b14e324-d686-4499-b22c-63d779291d82.jpg,/upload/bg.mp3,镇宅神虎,5,2,1,0,"镇宅神虎
Tigers
清代?门画
跳龙门艺术博物馆藏",0,2025/7/24 16:52,2025/7/24 16:52
18,/upload/a3fe0fa1-c28b-4c3c-ab7e-2aac8c410abf.jpg,/upload/bg.mp3,杨家将,5,9,1,0,"杨家将
Yang Generals
清代?门画
跳龙门艺术博物馆藏",0,2025/7/24 16:53,2025/7/24 16:53
19,/upload/cb1d50d6-104e-4788-a15e-5ed15a878117.jpg,/upload/bg.mp3,门神（秦琼、尉迟恭）,6,2,0,0,此门神堆金沥粉，有祥云勾花背景。,0,2025/7/24 16:53,2025/7/24 16:53
20,/upload/6b9dcbd0-eeb2-480f-8368-6b142ff7ae03.jpg,/upload/bg.mp3,兰桂联芳,0,1,0,0,兰桂是对他人儿孙的美称：芳，比喻美德、美声。兰桂联芳旧指儿孙同时显贵发达。画面构图匀称，色泽淡雅，给人以古朴、清新之感。,0,2025/7/24 16:53,2025/7/24 16:53
21,/upload/67a338b7-3f61-4e8d-bdda-293ab0013241.jpg,/upload/bg.mp3,莲年有余,3,4,1,0,莲(连)年有余是杨柳青年画代表作。图中的娃姓手持莲花，怀抱金鱼，憨态可掬，身旁红荷盛开，下有碧叶相托。整幅画面构图饱满，形象生动。有莲有鱼，谐音寓意连年有余，表达人们向往美好、企盼富足之意。,0,2025/7/24 16:53,2025/7/24 16:53
22,/upload/989ddb85-17f9-4d6e-be8e-00466077d757.jpg,/upload/bg.mp3,弄璋如意,0,7,0,0,《诗经·小雅·斯干》：“乃生男子，载寝之床，载衣之裳，载弄之璋……乃生女子，载寝之地，载衣之裼，载弄之瓦。”璋是好的玉石，瓦是纺车上的零件。男孩弄璋、女孩弄瓦，实为重男轻女的说法。,0,2025/7/24 16:53,2025/7/24 16:53
23,/upload/4bd71cfa-e38d-4328-95ea-7d5e6bd25748.jpg,/upload/bg.mp3,庆赏元宵,1,8,0,0,此图绘元宵佳节一家人“鼓吹升平”闹元宵之景。敲锣，打鼓，吹唢呐，好不热闹。画面左首一幼童擎鱼灯，拉母亲来凑热闹：右首一妇人怀抱幼子，凭窗凝望，全图洋溢着浓郁的喜庆气氛。,0,2025/7/24 16:53,2025/7/24 16:53
24,/upload/67f1c2e4-4c13-4ca2-9dbc-b22bc11e4c0b.jpg,/upload/bg.mp3,三代诰封,0,1,1,0,诰封或敕封是明清两朝皇帝对官员及其先代和妻室授予封典的制度，民间也称之为“圣旨 ”。一品至五品官员以“诰命”授予，称为诰封。图中娃娃抬多卷“诰封”，“三代诰封” 即表达人们希望世代受皇帝恩典的愿望。,0,2025/7/24 16:53,2025/7/24 16:53
25,/upload/e85b26ae-f2b5-4f81-aa5f-34e89c12a37f.jpg,/upload/bg.mp3,文明戏,0,7,2,0,文明戏即新剧，为中国话剧的前身，十九世纪末由西方传入我国，繁荣于二十世纪初的十几年间，二十年代后趋于没落。图中人物有新有旧，道具也极为简单。,0,2025/7/24 16:53,2025/7/24 16:53
26,/upload/9578ac5f-0e2a-4c00-bdfb-8072cc66628e.jpg,/upload/bg.mp3,五子夺莲,0,4,0,0,“五子”寓多子、多男子，亦寓“教五子，名俱扬”。俗有“五子夺魁”之语，“魁”是大魁天下的意思，即中得状元。此图绘五个娃娃争夺莲蓬嬉戏之景，“夺莲”寓“贵子莲生”之意。,0,2025/7/24 16:53,2025/7/24 16:53
27,/upload/22ff14bd-01c2-400a-b5a9-7e81dafefee7.jpg,/upload/bg.mp3,一品荣寿,1,1,0,0,图绘二仕女，一立一坐，端庄秀美；二娃娃所抱寿桃和仙鹤，皆为长寿象征，表达人们对做高官、享长寿的向往。,0,2025/7/24 16:53,2025/7/24 16:53
28,/upload/0e9f2b88-16c7-449b-9aab-a045aa8a1682.jpg,/upload/bg.mp3,鞭锏门神,2,2,2,0,中国古代早期门神为神荼、郁垒，但河南民间更为流行的是秦琼、尉迟恭的图像。二人原是唐朝大将开国元勋，为门神则源于神魔小说《西游记》中故事：唐太宗为泾河老龙鬼魂所扰，夜不能寐，秦琼尉迟恭为其把守宫门，鬼魅不敢为祟，遂将二人图形绘于门上，以镇妖魅。因二人武器为鞭、锏，故俗称鞭锏门神。朱仙镇的秦琼、尉迟恭门神形象皆着铠甲，勾戏曲脸谱，作舞台角色打扮，有不同姿态亮相，色彩亮丽，具有很强的装饰效果。本幅秦琼为民国初年刻印，但敬德一幅已佚，今以翻刻新印之敬德配齐，尚能想见全貌。,0,2025/7/24 16:53,2025/7/24 16:53
29,/upload/39555603-e174-4a8e-94a6-6b4152f70f89.jpg,/upload/bg.mp3,锺馗镇宅,2,2,1,0,锺馗是民间传说中的驱邪斩鬼之神，据说此一形象由唐代大画家吴道子创造。宋沈括《梦溪笔谈》中提及唐明皇在骊山梦见一小鬼偷窃贵妃之绣香囊及御用玉笛，被一身着蓝衫的大鬼吞食，大鬼自称名锺馗，为武举不捷之进士，誓除却天下害人之鬼魅。唐明皇梦醒后遂召吴道子叙述梦中所见，令其图绘，然后颁布天下，在岁末悬挂，以除邪祟。在唐代岁末已有贴挂锺馗像的风俗，宋代时已有雕版刻印的锺馗在市场上出售，明清时又增加了祈福成份。此锺馗像为两幅一套，贴于左右门上。锺馗戴判官纱帽，着绿官服，赤色虬须怒张，双目圆瞪，执剑端坐，有凛然不可犯之相，两端有“锺馗镇宅”字样。,0,2025/7/24 16:53,2025/7/24 16:53
30,/upload/e461dbf6-a86d-4b86-a5f2-01b9cbdb71b3.jpg,/upload/bg.mp3,馗头,1,2,0,0,此幅锺馗仅表现头部，然更予人以鲜明的印象。锺馗戴判官翅纱帽，紫面獠牙虬须，狰狞威猛，一手执笔，另一手拿卷轴，上写“新年大吉”四字。此系供门楼上端或大门内迎面影壁墙正中贴用，谓可驱邪纳福。,0,2025/7/24 16:53,2025/7/24 16:53
31,/upload/ce59990c-aca0-40d5-a2e9-4e3b1a23cb04.jpg,/upload/bg.mp3,黄金万两 满载而归,2,1,1,0,此门神表现进宝力士推来一车金银财宝，车上分别插着有“黄金万两”、“满载而归”的旗帜。力士戴草帽圈，着军服，扎裹腿，体魄健壮。有传说谓：五代时后周皇帝郭威因无子嗣，立妻侄柴荣为太子，郭威驾崩后柴荣继位，励精图治，推行改革，使后周发展强大。因柴荣不得志时曾推车卖伞为生，后人念其历史功绩，乃画推车进宝之像。原为两幅为一对，惜今仅存其一。,0,2025/7/24 16:53,2025/7/24 16:53
32,/upload/90934108-eee5-403a-97a3-e617edfb0f8f.jpg,/upload/bg.mp3,长坂坡,2,9,0,0,东汉末年，刘备在与曹操作战中失利，弃新野走樊城，逃至当阳，在长坂坡与家属在乱军中失散。赵云不顾安危杀入重围救出幼主阿斗，显示出非凡武艺和英勇超群的气概。故事见《三国演义》第四十一回“刘玄德携民渡江，赵子龙单骑救主”。传统戏曲中有《长坂坡》剧目，本图为成对门画，表现了赵云在长坂坡怀揣阿斗挺枪挥剑大战曹将张的情节。原画为朱仙镇天成画店刻印，旧版已佚，此系按照传统旧样重新复制。,0,2025/7/24 16:53,2025/7/24 16:53
33,/upload/c07d67b0-0f31-489e-bc2a-33939d81926d.jpg,/upload/bg.mp3,风筝误,0,9,1,0,画中题词“刘阮误入天台”系指东汉时刘晨、阮肇误入天台山遇仙女的故事。但此年画则表现另一“风筝误”传奇。书生韩奇仲德才兼备，其学友戚友先则才貌皆缺。清明时节戚友先放风筝嘱奇仲题诗于上，风筝断线落入天台山詹烈侯府中。詹家有二女，长女爱娟容貌奇丑，次女淑娟美丽聪慧。风筝为淑娟拾得，亦题诗一首与韩诗并列。戚友先讨回风筝，韩生见诗知之出自闺阁，心甚慕之，乃又于风筝上赋诗，故令断线落入詹府，但此次为长女爱娟拾得，她误以为系其想慕之戚生所失，乃借馆僮讨风筝机会约他夜间于花园相会。韩生前往，见爱娟奇丑而惊走。后戚家向詹府求婚，詹家以爱娟相配，洞房中戚友先始知爱娟丑陋，但已无可奈何。后韩奇仲赴考金榜题名中状元，詹烈侯为次女择婿，奇仲坚拒，但由于皇帝主婚，强令成亲不得违抗，洞房中韩始知新娘为淑娟，郎才女貌，有情人终成眷属。故事见清初李渔所作《风筝误》传奇。后被移植于地方剧目。,0,2025/7/24 16:53,2025/7/24 16:53
34,/upload/bba4c4a1-87f0-429c-a13d-140d2e733702.jpg,/upload/bg.mp3,蝴蝶杯,0,9,3,0,明代湖广总督卢林之子卢世宽，依仗父势强买娃娃鱼，将渔翁胡彦殴打致死。江夏知县之子田玉川路见不平打死世宽，遭到缉拿，逃至江岸被胡彦之女凤莲藏于舟中得救，玉川遂以家传之蝴蝶杯为聘，二人私订终身。后田玉川改名换姓投军于卢林帐下，卢林出征战败，幸得田玉川相救，卢林将女凤英许婚，释去前嫌。故事以田玉川娶胡凤莲、卢凤英二人为妻结束。蝴蝶杯系传统优秀剧目，情节曲折有趣，深受群众欢迎。此幅年画表现剧中田玉川与卢凤英在洞房中的情景。,0,2025/7/24 16:53,2025/7/24 16:53
35,/upload/aa547045-b188-47dd-923c-517bf4906c42.jpg,/upload/bg.mp3,对花瓶富贵花开,0,4,0,0,瓶体黄色调，花为粉色调。瓶中之花有象征连年有余的荷花、莲子，以及象征富贵的牡丹，花上有蜂蝶戏舞。果盘中有西瓜、葡萄、石榴、仙桃等象征多子、长寿。花瓶后另有画卷及如意钩，既体现着书香之气又展示着美好祝福。,0,2025/7/24 16:53,2025/7/24 16:53
36,/upload/de29da15-1c23-44af-ac86-22f24f767c2e.jpg,/upload/bg.mp3,和合二仙,0,3,0,0,取“和谐合好”之意，象征男女相爱，被称为中国的爱神。古代春分上巳为“春社”，进行求子活动，适龄男女自行择偶，“于是时焉，奔者不禁”。此俗源于遥远的乱婚时代，两性结合在野外，故称“野合”。社会发展到一定时期有了媒人。《媒氏疏》中：“使媒求妇，和合二性。”神话中的和合二仙即具有媒人的使命，即婚姻合和之神。其特征为持盒或“荷”形象。,0,2025/7/24 16:53,2025/7/24 16:53
37,/upload/8666554a-3961-4b80-b80c-b6820dbbeb5d.jpg,/upload/bg.mp3,金鸡,0,4,0,0,鸡司晨，古代贴画鸡于门。汉代应劭《风俗通义》载：“鸡鸣将旦，为人起居；门亦昏闭晨开，悍难守固，礼贵报功，故门户用鸡也。”俗以鸡血著门户以“和阴阳，调寒暑，节风雨也”。这对鸡口衔对联“五谷丰登，天下太平”，祝愿风调雨顺，国泰民安，表达了农民祈年求福的美好愿望。,0,2025/7/24 16:53,2025/7/24 16:53
38,/upload/9e26cab7-8101-41ce-8ffa-1ef5fc3b18ff.jpg,/upload/bg.mp3,李白醉酒,1,9,4,0,李白（701-762年），号青莲居士。唐代著名诗人。四十二岁时被唐玄宗召见进京，做翰林供奉。嗜酒成癖，常以酒助诗兴。而农家画师笔下的李白，体现的是农家情趣。此画不用红色，系供居丧人家年节做灯用。有的地区对先人视死如视生，每逢寿诞做阴寿祭奠，亦用免红的灯方糊灯笼，进行纪念活动。,0,2025/7/24 16:54,2025/7/24 16:54
39,/upload/34bacc4b-10b4-4456-bd13-7d40f807e4d1.jpg,/upload/bg.mp3,美人图,1,1,0,0,所绘六个美女由三出戏的三对小姐、丫环组成。此三出戏为：《刘无双赠珠》。王相柯去赴考场，其妻刘无双以珠宝相赠，勉励他科举得中。《青云下书》。书生赵序与王贵艳定亲，因科举落第，被王府驱赶，暂居客店。贵艳遣丫环青云下书，二人相见互生爱慕之情，相约赵序科考得中后完婚。《白美娘借伞》。钱塘许仙，清明扫墓，经西湖与白蛇、青蛇幻化的二少女同舟相遇，因天下雨将伞借与白美娘，定期前往还伞，喜结良缘。,0,2025/7/24 16:54,2025/7/24 16:54
40,/upload/316fae9c-ff54-4a45-8e46-a3598f98432e.jpg,/upload/bg.mp3,小鞭剑门神,1,2,4,0,小说《西游记》第十回《二将军宫门镇鬼，唐太宗地府还魂》中叙述：魏徵梦斩泾河老龙，宫中闹鬼惊扰唐太宗。秦琼、尉迟恭披挂甲胄，执金瓜钺斧，把守宫门。“好将军，你看他怎生打扮：头戴金盔火耀耀，身披铠甲龙鳞……他本是英雄豪杰旧勋臣，只落得千年称门尉，万古作门神”。二将军侍立门旁，果然一夜无事。太宗又不忍二将辛苦，召巧手丹青，画二将真容，贴于门上。夜间也即无事。门神秦琼、敬德一人执锏，一人执剑，形象与前图近似。区别在于，后者篇幅略大，执剑（及锏）姿势不同，此二人身后佩令旗、令箭，头与身体比例为一比四。,0,2025/7/24 16:54,2025/7/24 16:54
41,/upload/1eac0d1e-8048-43f1-aa18-00585764f1be.jpg,/upload/bg.mp3,镇宅神鹰,0,2,0,0,一转项神鹰目光犀利，单腿立于山石之上，旁有牡丹花，因鹰为镇宅保平安之物，牡丹象征富贵，故此图寓意平安富贵。画面上方有敕令五雷及镇宅神印，体现神鹰的法力及功效。配有诗文：“镇宅神鹰墙上悬……财源会海有百川。”,0,2025/7/24 16:54,2025/7/24 16:54
42,/upload/fef82db0-194f-4b69-9e4d-c39d0f88026d.jpg,/upload/bg.mp3,踩荷童子,1,4,0,0,此画为睡房门画，图中儿童站在一片荷叶上，梳双辫，带金镯，手捧花瓶，内插盛开的荷花、牡丹。娃娃和荷花组合在一起，最早见于唐代长沙窑瓷瓶上的娃娃戏莲纹饰和敦煌壁画中坐在莲花中的化生童子，后来发展成娃娃踩莲图案，“莲”与“连”、“瓶” 与“平”同音，因而寓连年有余、富贵平安之意。,0,2025/7/24 16:54,2025/7/24 16:54
43,/upload/99d05082-8eb7-4e95-8bde-5c7e1d5efcc2.jpg,/upload/bg.mp3,副扬鞭,1,2,0,0,画面上的人物是秦琼、尉迟恭，其特殊画法被称为“填水脚”。此类门神通常会引出艺人不愿回顾的往事。从前，他们每在年末为作坊老板做完年终活计之后，利用收拾画案的残纸的余色，急忙印刷几对门神赶往市场廉价抛售，换几文钱回家过年。这种门神大多出自高明艺人之手，一气呵成，看来寥寥几笔，实则成竹在胸，气势雄浑。艺术格调粗犷、泼辣、传神，创造出民间年画的大写意流派，成了民间年画中的稀世珍品。,0,2025/7/24 16:54,2025/7/24 16:54
44,/upload/21c958eb-6e90-41d9-bf8b-561f66d33b03.jpg,/upload/bg.mp3,满装武生,1,1,1,0,此武将，身着清代武官服饰，背弓、按剑、挺胸、昂头，姿态威武，造型夸张。绘制属“常行”类年画。,0,2025/7/24 16:54,2025/7/24 16:54
45,/upload/277cf1de-f380-4eb4-83fa-5ce06a0a884b.jpg,/upload/bg.mp3,年年富贵 月月吉祥,0,4,0,0,此画两童子捧宝持花，肩扛画戟，足下有一蟾蜍，蟾蜍在月宫与桂树相伴，因而有蟾桂代月之说，画中的戟和桂与“吉祥”和“富贵”谐音。,0,2025/7/24 16:54,2025/7/24 16:54
46,/upload/5cb52681-04ff-402b-b51b-8a4300483f42.jpg,/upload/bg.mp3,寿天百禄,0,10,0,0,图中绘有一骑白鹿的寿星。“白鹿”是“百禄”的谐音，比喻禄寿康宁之意。,0,2025/7/24 16:54,2025/7/24 16:54
47,/upload/ed6f5fc7-4385-4081-ba26-8ec1ed4924c7.jpg,/upload/bg.mp3,印金状元,3,1,0,0,画上身着红、绿袍的状元，雕刻精细，人物衣冠以及装饰图案典雅、细致。在印出墨线后经手绘施彩，还需要复以胶水（不刷面部及手脚），印原版一次，随之洒金（或银）粉，再将未粘附的粉末扫净，出现一种华丽炫目的效果，并呈显极为强烈的版刻味。,0,2025/7/24 16:54,2025/7/24 16:54
48,/upload/2579dd0a-5687-4e0f-8e17-35f4159c02d4.jpg,/upload/bg.mp3,观书仕女,1,5,0,0,画中坐在椅子上看书的女子若有所思。所刻画的是一个能文能武的女性，却不曾想她又是一双三寸金莲，这怎么能驰骋疆场？,0,2025/7/24 16:54,2025/7/24 16:54
49,/upload/3a430992-d454-41ab-a4f9-6fc5b2c6480e.jpg,/upload/bg.mp3,正像门神,0,1,0,0,此幅正像与五子登科相同，只是门神一手抱玉斧。下边的五子除“麒麟送子”童子外，其余四童子手中之物略与其它有别：或举珊瑚，或捧石榴，象征多子；或举如意，或戴紫金盔，寓意未来必中武状元。,0,2025/7/24 16:54,2025/7/24 16:54
50,/upload/07b2cefc-3ce3-408d-bbcb-68ed3f6dd1f7.jpg,/upload/bg.mp3,扬鞭门神,2,2,0,0,同一对门神，一个红脸，佛青袍，另一个白脸，煮红袍；秦叔宝持锏，尉迟恭执鞭；智慧的秦叔宝采用山羊胡，鲁莽的尉迟恭采用络腮胡。疏密对比，富有节奏韵律。,0,2025/7/24 16:54,2025/7/24 16:54
51,/upload/3152c9ce-3fe0-4d03-9f51-76ce61cac0c7.jpg,/upload/bg.mp3,踏伞,2,3,2,0,清朝乾隆年间，沉寂已久的传统戏曲艺术开始活跃，并很快发展起来，民国期间，梁平年画出现一批戏曲演出情节的作品，形成了自己的特色，也成为戏曲艺术保存的形象资料。此画取材于戏曲《踏伞》，为“八美图”之一。,0,2025/7/24 16:54,2025/7/24 16:54
52,/upload/6db20a90-f2d8-4d24-9c08-d5d09a15b9af.jpg,/upload/bg.mp3,双锁山,0,9,0,0,“双锁山”出于《三下南唐演义》。描写宋初赵匡胤与元帅高怀德征南唐，被妖道余洪困在寿州。高怀德之子俊保闻报，离朝救驾，路过双锁山，见山寨女英雄刘金定刻写诗句在山石上，自夸武勇，志愿招夫。高俊保从山下经过，将招夫牌砸碎，二人争斗，高俊保被擒，二人成亲。为“八美图”之一。此幅画右下角“北碚”二字是抗战时期，重庆博物馆迁往北碚时留下的收藏编号。,0,2025/7/24 16:54,2025/7/24 16:54
53,/upload/1208163f-964c-47cf-9e72-2e7c09657a09.jpg,/upload/bg.mp3,独占花魁,2,9,1,0,卖油郎秦重终年辛苦，积银二百两，至妓院求会花魁，适逢花魁大醉，不省人事，卖油郎伺奉通宵，花魁酒醒，颇为感动，遂以身相许。这是“恒泰正”早期戏文年画作品,0,2025/7/24 16:54,2025/7/24 16:54
54,/upload/1f913933-6001-45ea-a91e-6d488dad7c24.jpg,/upload/bg.mp3,春花富贵,0,4,0,0,它是梁平花笺常用的一种题材，它由民间杂宝吉祥物组成画面，用谐音、隐喻、象征手法来表达吉祥如意的美好祝愿。,0,2025/7/24 16:54,2025/7/24 16:54
55,/upload/3e5518af-d21d-4afb-9cb2-08351fbcb3ce.jpg,/upload/bg.mp3,财源涌进,0,4,0,0,此画采用窗格子嵌字的传统手法，将民间吉祥用语及民间吉祥图案结合装饰手法，以年画的形式表现出来，与春联配合，贴在门框上部起到对联横批作用。,0,2025/7/24 16:54,2025/7/24 16:54
56,/upload/c1c16667-0f0d-4e4f-8a3d-98517776d64a.jpg,/upload/bg.mp3,方弼 方相,2,2,1,0,画面中二挺肚神将，左为方弼，右为方相。相传二人为商纣王的镇殿将军，有二将把守宫殿则妲己与鬼魅不得入内。后纣王将二将逐出，妲己得以祸乱朝廷。后来二将被民间尊为门神。这两幅画造像威武，庄严古朴，为凤翔早期门神画中的佳品。,0,2025/7/24 16:54,2025/7/24 16:54
57,/upload/37c7e435-2a7f-4b24-a3f7-d7383c8d8296.jpg,/upload/bg.mp3,谷雨鸡贴画,1,2,0,0,画面为一只彩色大公鸡，嘴咬蝎子，鸡尾上下衬以牡丹花，上有题款：“谷雨日，谷雨晨，奏请谷雨大将军。化三盏，酒四尊，送蝎二里化灰尘。”这幅鸡贴画构图饱满，色彩艳丽，装饰性强，用于谷雨节气，贴于门上以驱毒虫，避病邪。,0,2025/7/24 16:54,2025/7/24 16:54
58,/upload/627f744b-a3e5-4fbf-a30c-a32426ead6d9.jpg,/upload/bg.mp3,虎猴相争,0,1,0,0,图中虎象征王，猴谐音侯，寓意官禄最高的王侯；老虎占福地，腹下生财宝。这是一幅象征官运和财富的年画，多贴于读书人或当时为官者的家中。,0,2025/7/24 16:55,2025/7/24 16:55
59,/upload/e405a468-32ae-4586-933c-ae1d07246f7b.jpg,/upload/bg.mp3,善财童子,0,2,0,0,相传善财童子为福神旁理财的童子。画中童子坐弹三弦，用三弦的响声招来财宝，并祛除五毒以保安康。此画端午节时商户多贴用。,0,2025/7/24 16:55,2025/7/24 16:55
60,/upload/4a99ba39-bfd1-46b2-bbde-19758b2a09d5.jpg,/upload/bg.mp3,土地祠,7,3,0,0,画面为彩印，并以金粉装饰，中坐土地神，白脸长须，慈眉善目，披金色袍服；下左、右两侧有二神，鬼判官为土地神之助手。土地身后木窗屏饰以花纹格，背部两侧各有一瓶牡丹与荷花。敬奉土地神的习俗由来已久，在春秋战国时期已成定例。《礼记·郊特牲》说：“社，所以神地之道也。地载万物，天垂象，取财于地，取法于天，是以尊天而亲地也。”《孝经·授神契》中说：“社，土地之王。”在古代神话中，把管理一个小小地面的神称为“社神”，即土地神。凤翔县农家院门外左下侧依院墙构建有土地神龛，每年除夕换贴祭祀。贴金土地多为有钱人家所贴用。,0,2025/7/24 16:55,2025/7/24 16:55
61,/upload/6c12f8f1-c62c-4f89-bceb-1cd77d614a5c.jpg,/upload/bg.mp3,张天师,1,2,0,0,张天师为汉代张道陵后裔的封号，民间演变为镇邪妖之神。画面中张天师红脸、黑髯、三只眼，身着绿袍，袍上饰太极及八卦纹，骑虎，左手持宝剑，右手作法，使出“五雷火”以烧灭“五毒”（蝎、蛇、蟾蜍、蜈蚣、壁虎）。相传，天师第三只眼能观察到一切鬼魅的出没及活动。上额书写：“天师宝剑带七星，捉拿人间怪妖精。上悬镇宅一口印，真言五雷把邪烘。有人请到家中去，斩妖除邪福禄增。”五月端午节时，已进入夏季，正是毒虫活跃的盛期，民间贴此画以避诸毒。此画构图丰满，气势浑然，色彩艳丽。,0,2025/7/24 16:55,2025/7/24 16:55
62,/upload/98bf21d1-13e5-4422-8010-f0bf076efed3.jpg,/upload/bg.mp3,张仙射天狗,2,2,1,0,这是一对门神画。右侧画面为张仙持弓，身后五子各拿兵器指向飞来的天狗。画面上端题写：“我名是张仙，流落到人间。旦（但）打云（中）犬，保（佑）子孙安。”左侧画面为张仙将天狗射死。画面上端题写：“张仙下天台，每日降弓开。箭射云中犬，保佑子孙来。”相传张仙原名张远霄，后得道成避疫神。清人赵翼《陔余丛考》卷三五曰：“《续文献通考》：一日见老人持竹弓一、弹三来质钱三百钱，张无靳色。老人曰：‘吾弹能避疫，当宝用之。’”《协记辨方》卷四引《枢要历》：“天狗者，月中凶神也。”这对门画贴在夫妇卧房门上，是一幅避凶纳吉、祈求得子的吉祥画。,0,2025/7/24 16:55,2025/7/24 16:55
63,/upload/59183322-bd1a-4d10-bb11-74e825d650da.jpg,/upload/bg.mp3,武将门神,2,2,0,0,传承老艺人段鸿福（86岁）讲，此图为“回回进宝”，形象为外族人，头戴尖顶帽，旁插野雉翎，并佩兽皮饰。这是专为东北少数民族印制的门神。,0,2025/7/24 16:55,2025/7/24 16:55
64,/upload/a0f2fd46-8b7f-42db-9274-cb60ac92aff6.jpg,/upload/bg.mp3,钟馗门神,2,2,0,0,一骑灵兽持剑，一骑仙鹿持睚眦板斧佩剑，很少见。以墨线为底，套以黄、红、蓝三色块，尤显大方明快。空白处以方胜珠宝填之，取意为镇祟降福。,0,2025/7/24 16:55,2025/7/24 16:55
65,/upload/2c3997f5-c81f-4c91-b2bb-57770cff6729.jpg,/upload/bg.mp3,赵云抱太子,0,9,0,0,又名“赵云抱阿斗”。三国时，刘备失利败逃，与夫人失散，赵云单枪匹马抱回了太子。画面中，赵云手持长枪，扎靠旗，披盔甲，骑战马胜利归回。,0,2025/7/24 16:55,2025/7/24 16:55
66,/upload/714fbc22-20c4-4957-9354-1cdf0258b99a.jpg,/upload/bg.mp3,值年太岁,0,3,0,0,实为道教中信奉的天界时、日、月、年的值班神，总称“四值功曹”。四值功曹执掌记录天上真神功劳，人间上奏天廷之表文，焚烧后也由他们呈递。值时功曹将每时所录情形报知值日功曹。值日功曹将每日所录情形报知值月功曹。值月功曹将每月所录情形报知值年功曹。值年功曹将当年所录情形整理条达，禀报玉帝。,0,2025/7/24 16:55,2025/7/24 16:55
67,/upload/387b0c82-ad18-4a23-98c5-7dc6e8f06e4a.jpg,/upload/bg.mp3,四季美人图（冬）,0,4,0,0,四季美人图原为四幅，春、夏已失。每幅画中均有一少妇和二童子。四盆花代表四个季节，童子手中持如意，寓“四时如意”、“事事如意”。,0,2025/7/24 16:55,2025/7/24 16:55
68,/upload/0bfcb385-7e0a-4f89-9f97-ad9669cf1a51.jpg,/upload/bg.mp3,双美人图,1,1,0,0,二妇人端坐，少者（着红衣）手持鸡冠花，望着一手抱雄鸡一手持菊花，正要出去玩耍的孩子；长者正在打手势循循善诱地教诲孩子。雄鸡有五德，即文、武、勇、仁、信：头顶红冠、文也；脚踩斗跷，武也；见敌能斗，勇也；找到食物能召唤其他鸡去吃，仁也；守信按时鸣报时辰，信也。上文释为“勤学苦练、文武双全、见义勇为、诚信为人、官居高位、荣华富贵”，作育子教材贴于室内。,0,2025/7/24 16:55,2025/7/24 16:55
69,/upload/d38b9c1c-3401-4c06-b52e-8ef0998acc32.jpg,/upload/bg.mp3,回回进宝,0,2,0,0,一说路不空行，回回进宝。一说郑和下西洋，从阿拉伯带回进贡给皇帝的宝物，称为回回（回族）进宝。取祥福之义。暗八仙边框为通用框，框内图可根据需要加印制作。,0,2025/7/24 16:55,2025/7/24 16:55
70,/upload/9a8091a2-bb15-4f45-9ac0-ff221b779a94.jpg,/upload/bg.mp3,避邪麒麟,0,2,0,0,麒麟是古代神话传说中的吉祥仁兽，与龙、龟、凤并称四灵。传说哪里有麒麟，哪里就安宁吉祥，故以为镇邪之兽。,0,2025/7/24 16:55,2025/7/24 16:55
71,/upload/3d82b316-2afc-4d65-993e-4cde281948d6.jpg,/upload/bg.mp3,玉虎坠,0,9,0,0,又名《收乾郎》。新莽时代，豪杰冯彦继母与带子贺吉卷谋图冯家产业，诬告冯彦杀人，使冯坐监，又拆冯彦夫妻情分，冯氏与儿子乾郎暂居慈云庵，与庵中难女王娟娟结为夫妻。,0,2025/7/24 16:55,2025/7/24 16:55
72,/upload/86bc16b3-72e6-4544-8d06-b4c48eadc142.jpg,/upload/bg.mp3,护子门神,0,2,0,0,分别贴在大门的左右两边，左边叫“门丞”，右边称“护尉”。以脸相对，二将军各自手持大刀，腰间佩剑站立，身后各站一童子。平阳民间有“门神门神守住家，大鬼小鬼都不怕。门神门神扛大刀，大鬼小鬼进不来”贴年画歌谣，就是对贴“护子门神”这类年画所表达的生活期盼的真实写照。,0,2025/7/24 16:55,2025/7/24 16:55
73,/upload/828102c1-50a4-48bd-aa42-352ac1e164cc.jpg,/upload/bg.mp3,连生贵子,2,4,0,0,在平阳木版年画中，许多民间艺人采用隐喻语言和手法，把难以启齿的话题用美好的形象语言巧妙地表现出来。如莲花，即荷花，用以表现女性之美，或就是喻女性；莲花上的儿童手执[笙]，谐音为[生]，两种意思合称[连生贵子]。,0,2025/7/24 16:55,2025/7/24 16:55
74,/upload/78a1a8fd-a96f-4815-9a91-57858a6d8005.jpg,/upload/bg.mp3,卢府招婿,0,9,0,0,田玉钏在讨伐苗蛮过程中，屡建奇功，深受卢林的赏识，后在田玉钏不同意的情况下，卢家强召为婿。图中是小姐的乳娘与丫髻来做红娘。,0,2025/7/24 16:55,2025/7/24 16:55
75,/upload/fb4e2073-78ac-47fb-a6bc-bbcdbe6ce8ac.jpg,/upload/bg.mp3,麒麟送子,0,4,0,0,图中两位天仙持莲（连）持幡（翻），与神兽共同把贵子送到人间，贵子持笙（生），三个寓意合起来就是子孙兴旺之意。,0,2025/7/24 16:55,2025/7/24 16:55
76,/upload/3221f39f-c130-40e2-8a57-cd81d75799eb.jpg,/upload/bg.mp3,善火福水,8,2,0,0,套印，过年祭祀亲人时用的吉祥物，属平阳木版年画中罕见珍品。,0,2025/7/24 16:55,2025/7/24 16:55
77,/upload/6394a644-f31e-400a-96ea-02a3bc8cd249.jpg,/upload/bg.mp3,镇宅福虎,0,2,0,0,福虎寓意福运临门，财源亨通。虎又为百兽之王，是威猛的象征，因此具有镇宅辟邪之功。虎也被称为瑞兽，甚得老百姓喜爱。,0,2025/7/24 16:55,2025/7/24 16:55
78,/upload/0305351c-87e5-4487-9469-459bbabcd824.jpg,/upload/bg.mp3,八仙图,0,3,0,0,民居窗顶也作向上倾斜状，如悬挂匾额样。窗顶年画内容比较丰富，神仙人物、四季花鸟、戏剧故事、福禄寿喜等，皆为常见的题材，此为老年人喜爱的八仙图案。,0,2025/7/24 16:56,2025/7/24 16:56
79,/upload/7456a3a9-4c96-4983-b277-8c668f005b64.jpg,/upload/bg.mp3,黄鹤楼,4,9,0,0,取材于戏剧《黄鹤楼》。是从《三国演义》衍生出来的故事情节，描述东吴周瑜在黄鹤楼设宴，诓刘备过江，想在席间讨还荆州。诸葛亮识破周瑜诡计，派大将赵云保刘备赴会，以保无虞，表现了赵云忠心护主，英勇威武的英雄形象。此图人物造型夸张有致，生动传神，充分展示出扑灰年画早期创作重在写意的艺术特色。,0,2025/7/24 16:56,2025/7/24 16:56
80,/upload/bb4cca5f-6247-4d04-950b-554cba6b0996.jpg,/upload/bg.mp3,家堂（局部）,1,7,0,0,以前大户人家都有家谱，并以家谱分支建立家堂，由家族长辈管理，每逢除夕，合族致祭迎请祖先亡灵。家堂又称“轴子”，画图一般分两层，上层为祖先灵位，下层为宅户大门和前来祭祀的子孙后代，呈现一派家旺人兴的景象。家堂有大小，简繁不一，但上下布局都大同小异。,0,2025/7/24 16:56,2025/7/24 16:56
81,/upload/eb5dc711-e34c-44b2-a1da-5cecbdf2cf84.jpg,/upload/bg.mp3,榴开百子,0,4,0,0,石榴多籽，晶莹可爱，用“榴开百子”比喻多生子女，还可能与“周文王喜生百子”的民间传说有关，强烈地反映旧时人们渴望“多子、多福、多寿”的传统观念。,0,2025/7/24 16:56,2025/7/24 16:56
82,/upload/28301d32-e2be-409f-ad5f-cb961d26ad89.jpg,/upload/bg.mp3,麒麟送子（部分）,0,4,0,0,麒麟，古代“四灵”之一，龙头、狮尾、鹿身、马足，俗称“四不象”，传说中的祥瑞之兽，它常受天帝派遣，护送富贵之人降生人间，所谓“天赐贵子”，故民间生子贺为“产麟儿”。此画多见于喜房之中，寄托新婚夫妇早生贵子的美好愿望。,0,2025/7/24 16:56,2025/7/24 16:56
83,/upload/dca20939-b759-4301-b5d0-5695aa73fd17.jpg,/upload/bg.mp3,舞童,0,2,0,0,旧时，送子观音庙每年都在道场举办山会，称为“香火节”。香火节上举行各种娱乐活动，四面八方赶山会的人络绎不绝。其中伴随舞狮舞龙腰挂石榴的“大头孩”舞童，最受前来求子“拴娃娃”的广大妇女欢迎，她们纷纷抛钱掷物，以志诚意。,0,2025/7/24 16:56,2025/7/24 16:56
84,/upload/7ced0250-7d69-47f9-9e2d-733e16ded2c0.jpg,/upload/bg.mp3,二郎神,0,3,0,0,此为敬神祭祖用的像马。,0,2025/7/24 16:56,2025/7/24 16:56
85,/upload/277536b8-3e8d-455c-b641-9cedc2dcf016.jpg,/upload/bg.mp3,将帅门神,2,2,0,0,这是一幅同类门神的变体画。两将军造型不变，但手未见持有兵器，且面带笑容，更有趣的是各有一小兵卒藏于将军身后，使画面显得更为丰富。,0,2025/7/24 16:56,2025/7/24 16:56
86,/upload/272cc0cb-7bb1-4dae-afe2-e78a62b50942.jpg,/upload/bg.mp3,老鼠娶亲,2,3,2,0,此为鲁迅收藏的《楚南滩镇新刻老鼠娶亲前本》，左上角有“大生昌”字样，滩头大生昌作坊因20世纪50年代公私合营而停业。春节时各地均有老鼠嫁女的习俗和传说，有的谓老鼠为财神，虽偷食啮物，但仍视为吉物，也有希望通过出嫁使老鼠离开家门，后来还造出狸猫挡道捕鼠的情节。此图中老鼠嫁女的热闹场面描绘得形象逼真：鸣锣开道的、打灯的、抬轿的、端彩的、送礼的、鸣金吹喇叭的，一个个尖腮细腿，活灵活现。彩灯上的文字点明了新郎“状元”的身份，新娘在花轿内正襟危坐，新郎跨坐高头大马，摇着纸扇得意地回头张望。最上方有狸猫挡道，画面诙谐有趣，颇令人回味。,0,2025/7/24 16:56,2025/7/24 16:56
87,/upload/b23d082e-3b00-4181-8c37-7ebd3794a0e7.jpg,/upload/bg.mp3,秦琼 尉迟恭,2,2,0,0,此为单纸“托四”门神偏像。秦叔宝、尉迟恭顶盔贯甲外罩袍，腰插令旗，一手按剑，一手扬鞭锏，作戏曲中之亮相姿态，是武门神中另一样式。,0,2025/7/24 16:56,2025/7/24 16:56
88,/upload/b20a8191-467f-45f8-b60b-18c8645fc9f1.jpg,/upload/bg.mp3,西湖借伞,1,5,1,0,西湖借伞是滩头流传的一幅美女年画，从图中女子着装看，系清末民初时作品，其时曾兴起一阵“摩登美女”画。此图两两人物组合成对幅画面，仕女面容姣好，体态婀娜，打扮入时，背景有几盆花，颇有生活气息，中央有“吉祥多福，富贵长康”的祝语。,0,2025/7/24 16:56,2025/7/24 16:56
89,/upload/a02f72e2-e04e-4627-8dbe-8bebeb94d2f7.jpg,/upload/bg.mp3,阎王,2,0,0,0,此为纸马墨线稿。,0,2025/7/24 16:56,2025/7/24 16:56
90,/upload/475a5329-487e-4f8e-9b39-02097f99ad42.jpg,/upload/bg.mp3,元始安镇天尊,2,2,0,0,元始天尊为道教最高神，列居三清之首，民间亦多信仰。此纸马并未出现天尊形象，仅于上部印出八卦图，中部有“青龙巍巍，白虎锵锵。朱雀赫赫，玄武堂堂。冤家解散，盗贼潜藏。火光入地，有（百）怪消亡”的咒语，下部为一青龙。民间认为青龙、白虎、玄武、朱雀皆为镇邪保吉之神物，在择地（居宅地、墓葬地）时多请之，焚此神马可保一方平安。,0,2025/7/24 16:56,2025/7/24 16:56
91,/upload/fc4f9132-20c8-4654-b410-7c08dbb5cf35.jpg,/upload/bg.mp3,美人秋千图,2,8,1,0,此为清代雍正、乾隆年间“姑苏版”作品。“姑苏版”的特征为尺幅大，墨色分深浅二版，有些再加手工敷彩，采用西洋透视法，并仿西方铜版画细密排线的运用，晕染阴影，以城市生活为主要背景，仕女和风景题材居多。此画符合上述特征，且是日本式装裱的卷轴画，属从日本回流之珍品。,0,2025/7/24 16:56,2025/7/24 16:56
92,/upload/695b1651-62f9-41b5-9f7d-6f88f3a1038b.jpg,/upload/bg.mp3,弄花香满衣,0,0,1,0,此为清代中期作品。,0,2025/7/24 16:56,2025/7/24 16:56
93,/upload/bd348d4c-db7a-48b5-bae5-79830daa93b2.jpg,/upload/bg.mp3,尉迟恭 秦琼（对）,0,2,4,0,魏晋佛教传入后，金刚力士也成为门神。唐代开始，皇帝将民间驱鬼的钟馗画像作为新年礼物赐给大臣，用于门上悬挂驱鬼。吴道子创作的“钟馗样”成为五代众多画家年终竞相模仿的对象，成为岁末悬挂的民俗艺术。宋元以后，出现唐代将军秦琼、尉迟恭显灵于唐太宗梦中的传说。他们在皇宫大门为皇上站岗镇祟的神迹，使之成为门神的主力。秦琼（？-638年），字叔宝，唐初将领，齐州历城（今山东济南）人，玄武门之变力佐当时的秦王李世民，后被封为胡国公。尉迟恭（585-658年），字敬德，唐代朔州善阳（今山西朔州市城区）人，在玄武门之变中立了头功，后赐爵吴国公。不同年画产地的秦琼、尉迟恭手持相同的鞭与锏。,0,2025/7/24 16:56,2025/7/24 16:56
94,/upload/image_failed.png,/upload/bg.mp3,和合致祥?一团和气,0,0,0,0,,0,2025/7/24 16:56,2025/7/24 16:56
95,/upload/cf478a0a-c1c4-4057-afd6-bc0b6f3d32e2.jpg,/upload/bg.mp3,忠义堂,0,9,1,0,故事取材于《水浒传》：忠义堂是北宋末年以“及时雨”宋江为首的梁山泊好汉结拜聚义的大堂。图中角色都是晚清京剧行头。,0,2025/7/24 16:56,2025/7/24 16:56
96,/upload/25cf2fa0-13c9-4331-8f62-3ce93a80c251.jpg,/upload/bg.mp3,花园赠珠,0,9,1,0,《珍珠塔》又称《明月珠》，全名《孝义真迹珍珠塔全传》，原为清代长篇弹词作品，作者不详，后经周殊士、马如飞等弹词艺人增益补充，流传颇广。故事情节为：孙方卿因家道中落到姑父府上投亲借贷，受姑母凌辱，发誓不做官不进陈家门。表姐陈翠娥赠传世之宝珍珠塔以资助他读书养亲。方卿中状元，回襄阳，羞讽其姑，后与翠娥完婚。苏州评弹是评话与弹词的合称。评话只说不唱，又称说大书；弹词有说有唱，又称说小书。在传统书目中，大书与小书就题材而言有所侧重，大书多讲历史演义，如《三国》、《岳传》一类书；小书大多以传奇小说、才子佳人故事与民间小说为题材，如影响较大的传统书目《三笑》、《落金扇》、《白蛇传》、《珍珠塔》、《双珠凤》等四十余种。评弹用苏州话来说书，约在明末清初之际出现，发展到清乾嘉年间，盛极一时，广泛流行在江南一带城乡。,0,2025/7/24 16:56,2025/7/24 16:56
97,/upload/b886fbce-304e-4d09-ae0d-5b998c415eca.jpg,/upload/bg.mp3,荡湖船,1,8,1,0,《荡湖船》是清光绪年间的滩簧，流传到北方，也有改编成京剧和梆子的。剧情是乡下老财“天明亮”，一日郊游见船娘荡湖船十分艳羡。有骗子二人借其望远镜，“天明亮”只顾望湖船船娘，自己的衣物、钱财全被骗子偷去。图中人物着装扮相均是当时流行式样，反映了年画描绘时事和写实的特点。画上端有大段流行唱词，用吴语方言，遣词造句也是俚语俗话。说的是常熟李君甫原家财殷富，因吃喝嫖赌而破产，到苏州找表姐夫借资做小买卖，结果受骗，空手而返。因为是给小市民观赏的，所以词语粗俗，但有讽刺意义。滩簧是流行在江南的一种地方曲艺，“集同业五六人或六七人，分生旦净丑角色，唯不化妆，素衣围坐一席，用弦子、琵琶、胡琴、板鼓。所唱戏文，唯另编七字句，每本五六出，歌白并作，间以谐谑”，其唱腔比较自由。清乾隆以后，昆曲走向衰落，许多昆曲艺人转而改唱滩簧。清同治七年，江苏巡抚把《荡湖船》等滩簧作为“淫词小说”，予以严厉查禁。新中国诞生后，苏滩才获得了新的生命，发展成为苏剧，由坐唱的曲艺形式发展成为完整的综合性舞台艺术。,0,2025/7/24 16:56,2025/7/24 16:56
98,/upload/dc00ec47-8bab-45b7-80be-5a0c175a6a33.jpg,/upload/bg.mp3,贵人指引,0,2,0,0,祈福祭神，遇危难或病痛之事求神，皆为平民百姓精神上的自我安慰，因而民间印制一些如“贵人禄马”、“贵人指引”等纸马，供百姓祈福求神焚化之用。 ,0,2025/7/24 16:57,2025/7/24 16:57
99,/upload/4b7971d9-0405-45c0-8713-80db6274970d.jpg,/upload/bg.mp3,接引念佛善人往生西方,2,3,0,0,此画是佛山民间用以供奉观音菩萨的木版画之一，劝喻人们每天拜佛念经。画面中的航船搭载一批念佛善人，前往西方的极乐世界，船头横批写着“般若慈航”，对联写有“天堂路上作福为先，生死关头念佛第一”，宣扬供奉慈航普度观音菩萨，天天念阿弥陀佛，就不用进地狱，可以由观音菩萨普度你前往西方的极乐世界。 ,0,2025/7/24 16:57,2025/7/24 16:57
100,/upload/ed1b7263-6c39-4acd-9df0-7e09db968be9.jpg,/upload/bg.mp3,青龙白虎,0,2,0,0,道教门神画。道教传说青龙为东方之神，白虎为西方之神，一主凶，一主吉。图中神像神态至雄至武，须带飘然，色彩华丽，是佛山木版年画中的精品。青龙孟章神君，白虎监兵神君，道观山门二大神，祈福保安，守护四方，也是道教信徒家中常见的门神画。 ,0,2025/7/24 16:57,2025/7/24 16:57
101,/upload/d174eb78-c3a1-4f15-90fc-2ab8308a0cdc.jpg,/upload/bg.mp3,四方贵人禄马扶持,2,2,1,0,四方贵人、禄马扶持，亦称纸马。四方贵人，为红色；禄马扶持，为绿色，粤语“六”和“禄”与“绿”同音，均为民间祭祀的焚化品。清代赵翼《陔丛考》载：“昔时画神像于纸，皆有以乘骑之用，故曰纸马也。”四方贵人，画有六人骑马，并有六只蝠鼠在其中，中心为金钱，寓意出门有贵人相助，纳福在眼前；禄马扶持，寓意出门有贵人相助、有禄马骑乘，一路平安。祭祀焚化，求神灵保佑出入平安，有难相助、富贵平安。 ,0,2025/7/24 16:57,2025/7/24 16:57
102,/upload/108fc35b-954b-4002-a1c6-47a69fe965ba.jpg,/upload/bg.mp3,探访,0,8,0,0,《探访》是一张典型的世情风俗画。画面表现的是客人探访主人，必须在门口止步，由仆人扬声通报，待主人允许后方可进入的一个过程。 ,0,2025/7/24 16:57,2025/7/24 16:57
103,/upload/b6cb339b-de03-46f1-831f-7fe9975aba04.jpg,/upload/bg.mp3,同安宝符,2,4,0,0,图中刻有常人难以识别的字符和“同安”二字，左右分刻八仙，上绘双龙和金蟾，下刻石榴仙果等象征祥瑞宝物，是过去佛山、南海一带新年时，人们祈求福寿平安的宝符。 ,0,2025/7/24 16:57,2025/7/24 16:57
104,/upload/8dadcabd-8ee8-4eee-8698-9029223a3f3b.jpg,/upload/bg.mp3,舞金龙,2,3,0,0,《舞金龙》画面表现的是佛山民间民俗活动“出秋景”（佛山秋色）中舞龙的情景。其实这是木版年画作坊用大幅年画剪裁下来的边角料印制的为“走马灯”（佛山灯色之一种）预备的装饰画。图中内容需要逐部分剪下，以便装贴在灯色上使用。图中不规则的连线是为避免印刷过程中纸张伸展到版底，弄脏画面的一种技术处理，足见民间艺人节俭的美德和聪明才智。 ,0,2025/7/24 16:57,2025/7/24 16:57
105,/upload/da2d76fe-13b1-46fc-94b5-f0a9a23b3c0a.jpg,/upload/bg.mp3,赵公元帅,0,1,0,0,据《三教源流搜神大全》称，“赵公元帅”原姓赵名朗，能“至如讼冤伸抑……无不如意”。后来被封为“龙虎玄坛真君”，统率招宝、纳珍、招财、利市四神，成了地位最高的招财护财的“武财神”。以前佛山一带的商贾，供奉“赵公元帅”，成为一种风俗，意求经商安全，发财利市。 ,0,2025/7/24 16:57,2025/7/24 16:57
106,/upload/5d2771b1-e66c-4c5c-87f8-383d60dec750.jpg,/upload/bg.mp3,大圣练兵,1,3,1,0,以猴子作讽喻的年画在各地年画中屡见不鲜，且为民众喜闻乐见。此画描绘了一群猴子在“齐天大圣”指挥下操练的场景。这些猴子穿清军服装，有手持刀盾的，有手持火枪的，有手持弓箭的；有站队列的，有骑马的，有打鼓的，有吹号的，不听话的猴子还被按到地上打板子。画面诙谐生动，令人发笑。 ,0,2025/7/24 16:57,2025/7/24 16:57
107,/upload/efd5fdde-745e-4762-9dd7-3dbd9b0b6f93.jpg,/upload/bg.mp3,反唐前本,0,3,0,0,戏出故事年画。 ,0,2025/7/24 16:57,2025/7/24 16:57
108,/upload/96263156-944f-4c39-a9e9-1c93533bb257.jpg,/upload/bg.mp3,反唐后本,0,3,0,0,戏出故事年画。 ,0,2025/7/24 16:57,2025/7/24 16:57
109,/upload/e455e524-3efa-42ab-aa5e-713d5bd6bddf.jpg,/upload/bg.mp3,色龙,0,3,0,0,主要用于纸厝装饰及糊制各类灯座。此对龙纹造型匀整饱满，雕刻精巧细致，色彩绚丽华贵，姿态栩栩如生。,0,2025/7/24 16:57,2025/7/24 16:57
110,/upload/5939168e-ac44-404e-adee-e24a50f6ae62.jpg,/upload/bg.mp3,神荼郁垒,2,2,1,0,"""道光十八年（1838年），周凯《厦门志》海关征收的“纸”类项下镌明：“门神纸画百张……例八厘。”得知此际两岸门神的行情。道光二十三年（1843年），台湾府城百姓重修开隆宫之后立碑提及：“方巽捐画门神。”同治年间开台进士郑用锡《元旦新门神到任》：“头衔初换喜新迁，印绶长披玉阙前。从此门前无狗盗，劳他锁钥管年年。”成为讴歌门神的佳构。台湾门神造型承继福建泉、漳两地，至少具备以下七种配对：《神荼·郁垒》、《秦叔宝·尉迟恭》、《加冠晋禄》、《时招万里财·日进千乡宝》、《福寿降临》、《簪花进爵》和《百子千孙》。汉代《论衡·订鬼》中引述《山海经》：“沧海之中，有度朔之山，上有大桃木。其屈蟠三千里，其枝间东北，曰‘鬼门’，万鬼所出入也。上有二神人，一曰‘神荼’，二曰‘郁垒’，阅领万鬼，执以苇索，而以食虎。于是黄帝乃作礼，以时驱之，立大桃人，门户画神荼、郁垒与虎，悬苇索以御凶魅。”北宋末年，开封门神更出现“多番样，戴虎头盔，而王公之门，至以浑金饰之”。台南米街“源裕”与“王泉盈”纸庄产品扮相皆披虎皮，戴虎冠，遗风犹存。"" ",0,2025/7/24 16:57,2025/7/24 16:57
111,/upload/7328ec87-cdc0-4205-a7ca-aebf0030bb02.jpg,/upload/bg.mp3,狮头衔剑,2,2,2,0,此幅《狮头衔剑》印制于上世纪70年代，用漳州“多文斋”老版印制。画中线条细致生动，狮子怒目圆睁，表情威猛，神采奕奕。漳州“多文斋”相传创立于明代，故此画十分珍贵。今画版已无，只有画作存世。 ,0,2025/7/24 16:57,2025/7/24 16:57
112,/upload/7f2072cb-7ed5-46f8-a641-83d86093a7bb.jpg,/upload/bg.mp3,四瑞兽,2,2,0,0,以黑纸印制的功德纸年画是漳州木版年画所独有，主要在道教法事活动中使用，道士行法时将此画折叠后供奉在香案上，法事完成后烧掉或张贴于寺庙墙上。画中为虎、豹、象、狮四种瑞兽。造型质朴，是漳州功德纸年画中的精品。 ,0,2025/7/24 16:57,2025/7/24 16:57
113,/upload/380ed425-6b3b-40f6-9005-84076745858f.jpg,/upload/bg.mp3,如意加官,0,1,0,0,天官手执如意，手捧七梁冠，祝愿人们如意加官。 ,0,2025/7/24 16:57,2025/7/24 16:57
114,/upload/7903fa4b-c533-40b5-9010-ca3c592edd75.jpg,/upload/bg.mp3,关公,0,9,0,0,关羽，汉末三国河东解人，字云长，与刘备、张飞结拜兄弟，为三国时名将，死后蜀汉后主追谥为壮缪侯，宋徽宗时始封为忠惠公，明万历时封为关圣帝君，故有关公、关帝之称，民间奉为神，并立庙祭祀。 ,0,2025/7/24 16:57,2025/7/24 16:57
115,/upload/09e7801b-dcfc-485d-ae9a-38a37bf8c908.jpg,/upload/bg.mp3,华英月份牌,0,4,0,0,月份牌是春牛图、农历图的新名称，此后城市中出版的月历，均沿用此名称。此图将民间流行的八仙、观音、福禄寿三星入画，取其祥瑞之意；并注明了礼拜日。 ,0,2025/7/24 16:57,2025/7/24 16:57
116,/upload/800c3682-da0e-454e-90de-b5976ff45324.jpg,/upload/bg.mp3,张翼德大闹长坂坡,0,9,0,0,故事见《三国演义》。描述诸葛亮出山不久，曹操起兵征伐刘备，部将赵云怀揣刘备之子在当阳长坂坡单枪匹马，浴血奋战。赵云单骑救主杀出重围，张飞挺矛立马于长坂桥接应，他双眼圆睁，胡须倒竖，向追兵大喝：张翼德在此，谁敢来决死战？喊声未绝，喝断了桥梁水倒流，曹营战将畏惧而退。山水配称，工精细腻。 ,0,2025/7/24 16:57,2025/7/24 16:57
117,/upload/2304e2eb-7acc-40e3-ae27-63b439cbb748.jpg,/upload/bg.mp3,万年家庆,0,4,0,0,以万年青寓意子孙延续、万年家庆。 ,0,2025/7/24 16:58,2025/7/24 16:58
118,/upload/032c566a-e0cc-4bd1-a4b9-88aac14b7073.jpg,/upload/bg.mp3,中国山东烟公司广告,0,8,0,0,图中美满幸福的一家，具有亲切感。 ,0,2025/7/24 16:58,2025/7/24 16:58
119,/upload/3b928134-1669-4e5d-a3b1-064ad0d39a6a.jpg,/upload/bg.mp3,上海太和大药房广告,0,10,0,0,海报的图像与药物无关，广告讯息只得靠文字表达。卖什么药，主治什么，价钱多少等都在图下说得清清楚楚。 ,0,2025/7/24 16:58,2025/7/24 16:58
120,/upload/473959a9-f149-4c25-9954-a0b9d457aedb.jpg,/upload/bg.mp3,双考而夫球圈,0,8,2,0,图中背景有亭台假山，正是30年代上海典型的小高尔夫球场。 ,0,2025/7/24 16:58,2025/7/24 16:58
121,/upload/6d0a90de-8cc5-4a0b-aa03-fe3da5efedd3.jpg,/upload/bg.mp3,风匣神,0,8,0,0,画面为风匣和大火熊熊的炉灶，上方有“大风常有”字样。 ,0,2025/7/24 16:58,2025/7/24 16:58
122,/upload/a5eac307-6d5e-4b7d-bab6-ab3e97d39554.jpg,/upload/bg.mp3,火帝真君,1,3,0,0,画面为红脸、三只眼、手持金锏、满脸胡须的人物形象，头部有火环，童子侧立两旁。 ,0,2025/7/24 16:58,2025/7/24 16:58
123,/upload/6607e7c8-5031-4e4a-a95d-f731d4800e7d.jpg,/upload/bg.mp3,马王,2,2,0,0,画面为三只眼、满脸胡须的人物形象，两人侍立两侧，下方有“槽头兴旺”字样。 ,0,2025/7/24 16:58,2025/7/24 16:58
124,/upload/57406ab4-2a52-4bf2-a4db-432c768c2da5.jpg,/upload/bg.mp3,女仙,1,5,0,0,画面为头插雉鸡翎、着盛装的女子形象，两边有规则小墨块装饰。,0,2025/7/24 16:58,2025/7/24 16:58
125,/upload/7ad8cb22-ea72-41e9-9e7b-c4db89876a90.jpg,/upload/bg.mp3,土神,0,3,0,0,画面为头戴尖角帽、颊生双手、身体为沟壑状、留须的人物形象。 ,0,2025/7/24 16:58,2025/7/24 16:58
126,/upload/ae80cc05-e7a6-41c1-b225-384ae7f7bd37.jpg,/upload/bg.mp3,药王,0,10,0,0,画面为一老一少两个医生形象，其中一位留须。中间悬挂一只葫芦，葫芦上方有眼睛的形象。 ,0,2025/7/24 16:58,2025/7/24 16:58
127,/upload/f519063e-71bd-42bc-86a6-20761d5dde9a.jpg,/upload/bg.mp3,祖师,2,2,0,0,此为画版。画面为头戴山型冠和狰狞面具的人物形象。下方有香炉。 ,0,2025/7/24 16:58,2025/7/24 16:58
128,/upload/d62dbcd4-7fc8-45b3-bc51-a3713a2bae9e.jpg,/upload/bg.mp3,赤子三爷,2,3,0,0,云南洱源甲马。,0,2025/7/24 16:58,2025/7/24 16:58
129,/upload/ee6d446a-1b63-424a-94e3-61c887ca37c2.jpg,/upload/bg.mp3,刀兵,2,3,0,0,云南瑞丽甲马。 ,0,2025/7/24 16:58,2025/7/24 16:58
130,/upload/4e091181-7652-4248-b5a1-01e5138f46c5.jpg,/upload/bg.mp3,井神,2,3,0,0,云南大理甲马。 ,0,2025/7/24 16:58,2025/7/24 16:58
131,/upload/b94a0126-e30e-4015-96c6-9c1a08ca82cb.jpg,/upload/bg.mp3,哭神,2,3,0,0,云南弥渡甲马。 ,0,2025/7/24 16:58,2025/7/24 16:58
132,/upload/6763fba3-3607-489a-856c-df0c1adb5c00.jpg,/upload/bg.mp3,太阳之神,2,3,0,0,云南洱源甲马。,0,2025/7/24 16:58,2025/7/24 16:58
133,/upload/758b381d-50b8-4b8c-a80a-f72defc0086c.jpg,/upload/bg.mp3,月宫,2,3,0,0,云南洱源甲马。,0,2025/7/24 16:58,2025/7/24 16:58
134,/upload/4bc0d7b4-2207-4350-8d29-e39d5ec297a9.jpg,/upload/bg.mp3,八仙对联,2,10,0,0,此为寿联，上下两幅。用“福如东海，寿比南山”八个字，衬托八位神仙，十分巧妙。在形式上，这又是一副组字画。人物与文字构成奇妙的图像。人物的形态古朴，字体厚重而色彩鲜明。印制时，一块版同时印二条字，可以简化工序和节约时间。 ,0,2025/7/24 16:58,2025/7/24 16:58
135,/upload/dbe660c2-339d-407e-ba08-96e73f009a43.jpg,/upload/bg.mp3,布质祖宗轴,1,7,1,0,此图为布质手绘清代作品。“祖宗轴”在当地又称为“名裔”。 ,0,2025/7/24 16:58,2025/7/24 16:58
136,/upload/16d9031b-50b7-497e-b752-4f5312c8f32e.jpg,/upload/bg.mp3,老虎,2,2,0,0,老虎的图案在年画中是镇妖辟邪的。此虎与杨家埠的《猛虎下山》和武强的《镇宅神虎》都很像，但形象更加凶猛厚重。背护双鹊，以示吉祥。相传艺人印好这幅《老虎》后，要在画上题四句诗：“猛虎本是兽中王，它在高山逞刚强，怒吼一声如雷动，回头望见日月光。”诗句题好后，还要用笔题上自己的姓名。 ,0,2025/7/24 16:58,2025/7/24 16:58
137,/upload/850e68a4-d2e0-4d23-b62b-2dd0bec04b67.jpg,/upload/bg.mp3,排叉,1,9,3,0,明朝的常玉春、胡带海、马腊梅大战张兴扁，画中间人物为张兴扁。此剧目出自当地大弦戏。 ,0,2025/7/24 16:59,2025/7/24 16:59
138,/upload/2299b5ad-a40d-4838-81ea-3f8bc001a315.jpg,/upload/bg.mp3,田祖（局部）,0,3,0,0,田祖即炎帝神农氏，是农耕生活最重要的神。史传神农氏发明耒耜，教民稼穑，开启农业。故被后世奉为农神田祖。新年是一年之始，辄必悬挂田祖神像，设供礼拜，祀求农耕顺利，无灾无害，获得丰收。 ,0,2025/7/24 16:59,2025/7/24 16:59
139,/upload/972b9146-feff-4902-b5d0-9e699c7a7a18.jpg,/upload/bg.mp3,朱砂判,1,2,1,0,驱邪降魔之神。颇受民间崇敬。传说唐明皇患重病，梦中见鬼惊扰，此时忽来一人，尽吃小鬼而去。这人自称“终南进士钟馗”。明皇醒来，霍然痊愈，遂命吴道子画钟馗像悬于后宰门，以镇魔降妖。由是钟馗广为民间信奉。此画颇具气势，红衣钟馗一手执剑，横眉竖目，脚踏恶鬼，背后龙虎助威，五毒望风而逃。李方屯的钟馗有红脸钟馗和黑脸钟馗两种，此为红脸钟馗更富激情，也更有杀气。张贴在卧室床头上一侧。 ,0,2025/7/24 16:59,2025/7/24 16:59
140,/upload/5007e398-25bb-4092-980c-b817558320fa.jpg,/upload/bg.mp3,大刀门神,1,2,0,0,此为手绘武将门神。,0,2025/7/24 16:59,2025/7/24 16:59
141,/upload/8b12d9ca-f1e8-489e-9d8b-dba4c768b858.jpg,/upload/bg.mp3,发冷姑婆,0,2,0,0,祛病驱邪之纸马。 ,0,2025/7/24 16:59,2025/7/24 16:59
142,/upload/53a58644-4a02-4851-b6b8-3df7732d9752.jpg,/upload/bg.mp3,蛮家,1,3,0,0,在泰伯奔吴前，江南吴地为荆蛮之地，其土著居民被称作“蛮子”。搜集于无锡郊县的“蛮家”纸马表现的正是吴地土著人的仓神与宅神的信仰，人首蛇身的构图反映了神话思维和图腾观念对民俗艺术的渗透，而纸马上的仓廪图形则表现了“蛮家”与粮食丰足的信仰联系。这一纸马因留有古代的民族文化信息而具有较高的学术研究价值。 ,0,2025/7/24 16:59,2025/7/24 16:59
143,/upload/b069c1fa-0f36-4095-a496-4e1423dfc19b.jpg,/upload/bg.mp3,判官,2,3,0,0,判官为佛系纸马中的一位，他手执“生死簿”，面为阴阳脸，其形象与职掌相互映衬，有一定的视觉冲击力。该纸马以墨线版印为主，但面部施以彩绘，保持了无锡纸马面实身虚的传统。 ,0,2025/7/24 16:59,2025/7/24 16:59
144,/upload/7880faab-52df-4b07-8fa5-ad1b500bff1b.jpg,/upload/bg.mp3,三朝姑婆,0,3,0,0,姑婆是岭南民间传说中专门保护儿童的民间俗神，女性。与金花娘娘属同一类。 ,0,2025/7/24 16:59,2025/7/24 16:59
145,/upload/29cb0f40-02d0-4e48-b71d-2945bf69395b.jpg,/upload/bg.mp3,身寒姑婆,0,10,0,0,祈求身体康宁之纸马。 ,0,2025/7/24 16:59,2025/7/24 16:59
146,/upload/0a5eef65-921d-4292-b9a9-d461589c9b10.jpg,/upload/bg.mp3,双狮戏球,0,4,0,0,画中狮子口衔彩带，画中另有蝙蝠（寓意“福来”）、蕉叶、铜钱、葫芦等宝物。画面丰满，富有装饰趣味。 ,0,2025/7/24 16:59,2025/7/24 16:59
147,/upload/5ee29924-42ac-488e-8691-5a32f8a35117.jpg,/upload/bg.mp3,赵公明燃灯道人,0,2,0,0,郯城地处鲁、苏交界处，交通闭塞，民风淳朴，民间信仰浓厚，神像类年画在当地最为常用，是郯城年画最重要的品类。与邻近年画产地—潍坊杨家埠、聊城东昌府和河南朱仙镇等的门神相比，郯城门神形象略显稚拙。 ,0,2025/7/24 16:59,2025/7/24 16:59
148,/upload/66ae087c-a713-405f-9aa4-89ab24b8c4ee.jpg,/upload/bg.mp3,赵云,2,9,0,0,该年画出自《黄鹤楼》。三国时期，东吴都督周瑜因刘备借荆州之事烦恼，便又生一奸计，说吴国太有病，命刘备过江探望。刘备率四弟赵云保驾，来到江东，周瑜将其诓到黄鹤楼上，设下伏兵围困。酒宴叙礼毕，周瑜遂逼刘备交还荆州，吩咐手下若刘备不交还荆州，没有都督令箭不准其君臣下楼。刘备被困于黄鹤楼上痛哭流涕，万般无奈之下猛想起临行时诸葛亮的嘱咐，遂拿出竹筒，内装有都督令箭（即原来诸葛亮借东风时周瑜给他的那一支令箭）。刘备君臣急下楼脱险。该场为周瑜向刘备逼还荆州，刘备向其施礼，赵云怒目相持、与周瑜欲动干戈的写照。苏奇灯笼画共选取该戏剧中三位代表人物：刘备、周瑜、赵云。 ,0,2025/7/24 16:59,2025/7/24 16:59
149,/upload/6ed84a71-9956-41f3-8a08-ebec46317dac.jpg,/upload/bg.mp3,折花姑婆,0,2,0,0,此为儿童保护神。折花的意义有待考证。 ,0,2025/7/24 16:59,2025/7/24 16:59
150,/upload/6506ad42-4efb-43d8-8088-90cb1cd1a61d.jpg,/upload/bg.mp3,满族山神,2,3,1,0,据《东华录》记载，相传有三位天女，长恩古伦、次正古伦和季佛古伦，到长白山天池沐浴。佛古伦误食神鹊衔来的红果后怀孕，生子布库里雍顺，被认作为清朝始祖，或为满族山神。此图系满族人过春节时张贴的山神像。画面素雅，气氛严肃。 ,0,2025/7/24 16:59,2025/7/24 16:59
151,/upload/image_failed.png,/upload/bg.mp3,大战张,0,10,0,0,,0,2025/7/24 16:59,2025/7/24 16:59
152,/upload/d3b7155b-e129-4fc0-833b-6ca8d8932937.jpg,/upload/bg.mp3,得禄听封,0,10,6,0,传说唐朝大将郭子仪出征得胜归来，路过银州，时值七月初七，天上织女忽然降临，子仪拜祝，愿赐富贵长寿。女曰：“大富贵，亦寿考。”后来子仪果然富贵长寿，子孙满堂。 ,0,2025/7/24 16:59,2025/7/24 16:59
153,/upload/a9c72163-fcac-4de9-b528-bf927f8274ae.jpg,/upload/bg.mp3,哺乳图,1,5,0,0,画中一少妇袒露胸怀，半靠于鼓凳，右手搂吃奶的孩子，左手持扇。作品对人物神态的刻画十分细腻。 ,0,2025/7/24 16:59,2025/7/24 16:59
154,/upload/98ac2aa6-636c-4f6c-9357-b641a650856f.jpg,/upload/bg.mp3,新刻天津紫竹林跑自行车洋车,0,8,1,0,清朝末年，天津紫竹林地区被划为法国租界。图为中国人在租界内的街头表演自行车技。观者中有三个洋人，表现了当时天津市华洋杂处的状况。 ,0,2025/7/24 16:59,2025/7/24 16:59
155,/upload/571a039d-ad4a-47fb-8229-607910b5ba9b.jpg,/upload/bg.mp3,麒麟送子生福地,0,4,0,0,麒麟送子是民间祈子的传统风俗，其典故见前图。画中还有摇钱树和四方进宝，表示富贵满堂 ,0,2025/7/24 16:59,2025/7/24 16:59
156,/upload/94d5268f-730c-4863-92b8-55c4c94a8458.jpg,/upload/bg.mp3,随朝窈窕呈倾国之芳容,2,5,7,0,现存最早的中国年画之一，为金代印刷业中心平阳（今临汾）印造。图中绘古代四位美人，自左至右为班姬、赵飞燕、王昭君、绿珠。班姬是汉成帝的妃子；赵飞燕是汉成帝的宠妃；王昭君是汉元帝的妃子，后嫁给匈奴单于；绿珠是西晋豪富石崇府中的歌女。 ,0,2025/7/24 16:59,2025/7/24 16:59
157,/upload/e37a40b1-f32e-48eb-b73f-b45ff099e902.jpg,/upload/bg.mp3,万国进贡异相分野全图,0,9,1,0,此图描绘的是世界各国向大清进贡的场面，各国的国名十分有趣。 ,0,2025/7/24 17:00,2025/7/24 17:00
158,/upload/321ab47e-f28f-41ad-b6c9-e512a9f1ba04.jpg,/upload/bg.mp3,儿百寿长春,0,10,0,0,描绘了男孩儿同两只狮子狗嬉戏的场景。作为长寿象征的蝴蝶好像也在围着男孩儿蹁跹飞舞。为爱竹画店的年画作品。 ,0,2025/7/24 17:00,2025/7/24 17:00
159,/upload/d72fb11f-9b6f-403c-8bed-f6a8df1027af.jpg,/upload/bg.mp3,放鹤亭图,2,7,0,0,本图也模仿了铜版画线刻技法，和《雪中送炭》一样都描绘了林逋。林逋是隐居在杭州西湖孤山上的诗人。薄墨色的背景中，白色的梅花浮现出来。这同《渔樵耕读》一样，是采用在薄墨版上凹陷雕刻梅花的“白地法”制成的。一般认为，上、中、下三版的中段图是一幅独立的画。 ,0,2025/7/24 17:00,2025/7/24 17:00
160,/upload/e4cca8cd-bb9f-499c-83c2-e8198827751f.jpg,/upload/bg.mp3,关羽像,2,9,1,0,《关羽像》与写有日本嘉永6年（1853年）年号的题跋装裱在一起。题跋为清朝僧侣赠印章于友人时所作，作者为罗溪沙门慈本。“罗溪”意思不明。现浙江省温州市永嘉县有村名为洛溪，沿注入温州湾的瓯江逆江而建。温州自古以来与日本交流频繁，本图作者为洛溪村人的可能性也大大存在。洛溪村的僧侣，在写到故乡的时候取同音“罗溪”二字，无可厚非。该题跋与《关羽像》本互无关联，有可能最后被一起装裱。虽然说此题跋所作年份为1853年（咸丰三年），但并不能将《关羽像》断定为此前的作品。不过，若从此画套版之细致来看，其创作风格显示，应该为道光之前的作品。 ,0,2025/7/24 17:00,2025/7/24 17:00
161,/upload/805f8c47-4e6a-4171-ba00-b8b7acddf963.jpg,/upload/bg.mp3,乾隆时宪书瓶花图,2,4,1,0,《乾隆时宪书瓶花图》和《乾隆十年历书瓶花图》构图大致相同，但只绘制了时宪书却看不到年号。此种木版在乾隆年间可以一直使用。模拟灵芝状的如意根部，系有方孔钱穿成的“钱龙”。如《乾隆十年历书瓶花图》一样，也是祈祷新年发财的一幅图画。与《乾隆十年历书瓶花图》相比较，此图描绘精简，据推测应该创作于《乾隆十年历书瓶花图》之后。 ,0,2025/7/24 17:00,2025/7/24 17:00
162,/upload/b6cbec0a-61ca-4a70-b378-5abad0ab771c.jpg,/upload/bg.mp3,秋果满盆图,2,4,1,0,"此画是被通称为“肯贝尔收藏”的系列年画之一，指的是德国医生肯贝尔的私人收藏品。在江户时代，日本与外国的贸易有着严格的限制，当时只有荷兰和中国与日本保持着贸易关系。而对外港口也只有位于日本西端九州的长崎。在长崎，当时居住着从事贸易的荷兰人和清朝人。作为荷兰东印度公司的商馆医生来日的恩格尔贝特·肯贝尔（EngelbertKempfer,1651—1716年），从1690年（康熙二十九年）秋开始的两年间一直在日本驻留。1692年秋当他出发回德国时，不仅将他在日期间收集的大量资料带走，并且还带走了一些中国的花卉吉祥图版画。因为并没有肯贝尔去过中国的记录，所以现在普遍认为，这些中国版画是他在日本得到的。现在这些苏州产的版画被大英博物馆收藏了二十余件。这些版画属于极少数的已经被证实产地、收藏时间、收藏地点的中国民间版画。 ",0,2025/7/24 17:00,2025/7/24 17:00
163,/upload/b5495a50-9c39-4c70-bd92-05ef07cc5762.jpg,/upload/bg.mp3,新绘九更天太师回朝,0,9,1,0,故事出自清初的传奇剧本《未央天传奇》。该剧为京剧剧目，讲述的是忠诚的男仆舍身为主人洗清冤情的故事。盐官米新图去见哥哥新国，落入哥哥的妾的圈套，被当成是杀害嫂嫂的凶手。因为嫂嫂的尸体上没有头颅，新图遭到严刑逼供，被要求交代头颅的下落。新图忍受不了严刑拷打，打算服毒自尽。他的仆人马义夺下毒药，阻止了他。马义回家后，将此事告诉了自己的妻子。妻子趁马义不在，服毒自尽了（她后来被追认为烈女）。马义拿着妻子的首级，到衙门表明主人新图是无辜的。闻太师为了辨明马义证词的真假，让他“趴在滚钉板”上。马义立即毫不犹豫地趴了上去，于是，闻太师立即着手调查事实真相。而此时，新图已经被押赴刑场。太阳升起的时候，就要被处以死刑。平时一到五更天，天就会亮。然而，那天到了九更，天还没有亮，闻太师赶到刑场，洗清了新图的冤情。图中站在前面正中的就是马义。他遵照闻太师的命令，赤裸上身，正弯腰往滚钉板上趴。 ,0,2025/7/24 17:00,2025/7/24 17:00
164,/upload/83ae1f65-9889-4296-9790-cf3f7be3d43e.jpg,/upload/bg.mp3,郑州庙 拿谢虎,0,9,0,0,《四续施公案》第五至九回的故事。京剧中有《郑州庙》、《拿谢虎》、《茂州庙》、《一枝桃》等剧目。河北郑州的寡妇赵氏去娘娘庙烧香时被一枝桃谢虎所劫。谢虎逼婚，赵氏不从被杀。偶然目击此幕的飞贼将此事告知施公。而另一方面，李家女儿被害，两方都要捉拿谢虎。施公开始秘密调查此事，并在谢虎寿诞大宴宾客之时，带领官兵突袭。在众多宾客当中，谢虎与黄天霸、关小西、朱光祖等人展开激战。最后，谢虎伤了贺仁杰逃之夭夭。 ,0,2025/7/24 17:00,2025/7/24 17:00
